metric,cpu_strategy,request_rate_strategy
success_rate,0.9991666666666666,0.9992222222222222
avg_response_time_ms,897.0857131609673,912.1313751417783
p95_response_time_ms,1137.9930999999033,1194.094199999995
p99_response_time_ms,1971.9344000000092,2115.617800000109
avg_cpu_utilization,1.5449308729035243,1.0534549413365968
max_desired_capacity,1.0,4.0
scale_out_events,0.0,2.0
