{
  "rounds": [
    "results_round13",
    "results_round14",
    "results_round15",
    "results_round16",
    "results_round17",
    "results_round18",
    "results_round19",
    "results_round20",
    "results_round21",
    "results_round22"
  ],
  "round_count": 10,
  "median_summary": {
    "cpu_success": 1.0,
    "req_success": 1.0,
    "cpu_avg": 1009.4913364499516,
    "req_avg": 1009.2341555079108,
    "cpu_p95": 1012.3701195007015,
    "req_p95": 1012.1839150015148,
    "cpu_p99": 1067.411138999887,
    "req_p99": 1060.6230279990996,
    "cpu_scaleout": 0.0,
    "req_scaleout": 1.0,
    "cpu_maxcap": 1.0,
    "req_maxcap": 5.0,
    "cpu_scaleout_latency": null,
    "req_scaleout_latency": 332.184817,
    "req_success_gain_pct_points": 0.0,
    "req_p95_improvement_ms": 0.1862044991867151,
    "req_p99_improvement_ms": 6.788111000787467,
    "req_avg_improvement_ms": 0.25718094204080444
  },
  "iqr_summary": {
    "cpu_success": 0.0,
    "req_success": 0.0,
    "cpu_avg": 0.5342358307560744,
    "req_avg": 0.8202466499240018,
    "cpu_p95": 0.5194832501729252,
    "req_p95": 0.3872812485496979,
    "cpu_p99": 14.660922253824538,
    "req_p99": 16.039760750572896,
    "cpu_scaleout": 0.0,
    "req_scaleout": 0.0,
    "cpu_maxcap": 0.0,
    "req_maxcap": 0.0,
    "cpu_scaleout_latency": null,
    "req_scaleout_latency": 22.720035250000024
  },
  "winner_counts": {
    "Request-Rate Strategy": 6,
    "CPU Strategy": 4
  },
  "per_round": [
    {
      "round": "results_round13",
      "cpu_success": 1.0,
      "req_success": 1.0,
      "cpu_avg": 1011.8663029912534,
      "req_avg": 1009.3595146018101,
      "cpu_p95": 1014.212417001545,
      "req_p95": 1011.9444840020151,
      "cpu_p99": 1127.3134669972933,
      "req_p99": 1066.6920579969883,
      "cpu_scaleout": 0,
      "req_scaleout": 1,
      "cpu_maxcap": 1,
      "req_maxcap": 5,
      "cpu_scaleout_latency": null,
      "req_scaleout_latency": 301.690594,
      "winner": "Request-Rate Strategy"
    },
    {
      "round": "results_round14",
      "cpu_success": 1.0,
      "req_success": 1.0,
      "cpu_avg": 1009.3002535311103,
      "req_avg": 1009.0201349989026,
      "cpu_p95": 1011.900155004696,
      "req_p95": 1011.8323780043283,
      "cpu_p99": 1060.4519299959065,
      "req_p99": 1051.8228119981359,
      "cpu_scaleout": 0,
      "req_scaleout": 1,
      "cpu_maxcap": 1,
      "req_maxcap": 5,
      "cpu_scaleout_latency": null,
      "req_scaleout_latency": 331.904013,
      "winner": "Request-Rate Strategy"
    },
    {
      "round": "results_round15",
      "cpu_success": 1.0,
      "req_success": 1.0,
      "cpu_avg": 1009.3222951369673,
      "req_avg": 1009.1087964140116,
      "cpu_p95": 1012.5592199983657,
      "req_p95": 1012.0442110055592,
      "cpu_p99": 1063.5321869995096,
      "req_p99": 1056.5733379989979,
      "cpu_scaleout": 0,
      "req_scaleout": 1,
      "cpu_maxcap": 1,
      "req_maxcap": 5,
      "cpu_scaleout_latency": null,
      "req_scaleout_latency": 332.464398,
      "winner": "Request-Rate Strategy"
    },
    {
      "round": "results_round16",
      "cpu_success": 1.0,
      "req_success": 1.0,
      "cpu_avg": 1009.7630686535601,
      "req_avg": 1009.060584899188,
      "cpu_p95": 1012.1638849959709,
      "req_p95": 1012.208959000418,
      "cpu_p99": 1076.6901509996387,
      "req_p99": 1052.370229997905,
      "cpu_scaleout": 0,
      "req_scaleout": 1,
      "cpu_maxcap": 1,
      "req_maxcap": 5,
      "cpu_scaleout_latency": null,
      "req_scaleout_latency": 331.905236,
      "winner": "CPU Strategy"
    },
    {
      "round": "results_round17",
      "cpu_success": 1.0,
      "req_success": 1.0,
      "cpu_avg": 1010.234173890344,
      "req_avg": 1008.8923407127315,
      "cpu_p95": 1012.934046004375,
      "req_p95": 1011.8451860034838,
      "cpu_p99": 1087.6836140014348,
      "req_p99": 1048.1243450049078,
      "cpu_scaleout": 0,
      "req_scaleout": 1,
      "cpu_maxcap": 1,
      "req_maxcap": 5,
      "cpu_scaleout_latency": null,
      "req_scaleout_latency": 362.042228,
      "winner": "Request-Rate Strategy"
    },
    {
      "round": "results_round18",
      "cpu_success": 1.0,
      "req_success": 1.0,
      "cpu_avg": 1009.1371540599848,
      "req_avg": 1010.4547219773978,
      "cpu_p95": 1011.9214919977821,
      "req_p95": 1012.4937279979349,
      "cpu_p99": 1053.2881649996853,
      "req_p99": 1073.6145670016413,
      "cpu_scaleout": 0,
      "req_scaleout": 1,
      "cpu_maxcap": 1,
      "req_maxcap": 5,
      "cpu_scaleout_latency": null,
      "req_scaleout_latency": 361.934769,
      "winner": "CPU Strategy"
    },
    {
      "round": "results_round19",
      "cpu_success": 1.0,
      "req_success": 1.0,
      "cpu_avg": 1009.1158274135098,
      "req_avg": 1008.9553200410159,
      "cpu_p95": 1012.0084160007536,
      "req_p95": 1012.1662840028876,
      "cpu_p99": 1055.410204004147,
      "req_p99": 1051.5683669946156,
      "cpu_scaleout": 0,
      "req_scaleout": 1,
      "cpu_maxcap": 1,
      "req_maxcap": 5,
      "cpu_scaleout_latency": null,
      "req_scaleout_latency": 362.02589,
      "winner": "CPU Strategy"
    },
    {
      "round": "results_round20",
      "cpu_success": 1.0,
      "req_success": 1.0,
      "cpu_avg": 1009.1835359715367,
      "req_avg": 1009.9384059317227,
      "cpu_p95": 1012.3160380026093,
      "req_p95": 1012.807523002266,
      "cpu_p99": 1062.394056993071,
      "req_p99": 1073.5189330007415,
      "cpu_scaleout": 0,
      "req_scaleout": 1,
      "cpu_maxcap": 1,
      "req_maxcap": 5,
      "cpu_scaleout_latency": null,
      "req_scaleout_latency": 301.685291,
      "winner": "CPU Strategy"
    },
    {
      "round": "results_round21",
      "cpu_success": 1.0,
      "req_success": 1.0,
      "cpu_avg": 1009.6603777629358,
      "req_avg": 1009.7032301524108,
      "cpu_p95": 1012.5692820001859,
      "req_p95": 1012.4059430017951,
      "cpu_p99": 1071.2900910002645,
      "req_p99": 1068.4352169992053,
      "cpu_scaleout": 0,
      "req_scaleout": 1,
      "cpu_maxcap": 1,
      "req_maxcap": 5,
      "cpu_scaleout_latency": null,
      "req_scaleout_latency": 331.863952,
      "winner": "Request-Rate Strategy"
    },
    {
      "round": "results_round22",
      "cpu_success": 1.0,
      "req_success": 1.0,
      "cpu_avg": 1009.698598808064,
      "req_avg": 1009.8995821143936,
      "cpu_p95": 1012.4242009987938,
      "req_p95": 1012.2015460001421,
      "cpu_p99": 1072.3230829971726,
      "req_p99": 1064.6727179992013,
      "cpu_scaleout": 0,
      "req_scaleout": 1,
      "cpu_maxcap": 1,
      "req_maxcap": 5,
      "cpu_scaleout_latency": null,
      "req_scaleout_latency": 332.571703,
      "winner": "Request-Rate Strategy"
    }
  ],
  "raw": {
    "cpu_success": [
      1.0,
      1.0,
      1.0,
      1.0,
      1.0,
      1.0,
      1.0,
      1.0,
      1.0,
      1.0
    ],
    "req_success": [
      1.0,
      1.0,
      1.0,
      1.0,
      1.0,
      1.0,
      1.0,
      1.0,
      1.0,
      1.0
    ],
    "cpu_avg": [
      1011.8663029912534,
      1009.3002535311103,
      1009.3222951369673,
      1009.7630686535601,
      1010.234173890344,
      1009.1371540599848,
      1009.1158274135098,
      1009.1835359715367,
      1009.6603777629358,
      1009.698598808064
    ],
    "req_avg": [
      1009.3595146018101,
      1009.0201349989026,
      1009.1087964140116,
      1009.060584899188,
      1008.8923407127315,
      1010.4547219773978,
      1008.9553200410159,
      1009.9384059317227,
      1009.7032301524108,
      1009.8995821143936
    ],
    "cpu_p95": [
      1014.212417001545,
      1011.900155004696,
      1012.5592199983657,
      1012.1638849959709,
      1012.934046004375,
      1011.9214919977821,
      1012.0084160007536,
      1012.3160380026093,
      1012.5692820001859,
      1012.4242009987938
    ],